Company Name,Website,City,Basket Type,Segment,What They Make,Revenue Band,Decision Maker,DM Title,DM Background,C1 Manufacturer Score,C1 Evidence,C2 India Score,C2 Evidence,C3 Differentiation Score,C3 Evidence,C4 Tech DM Score,C4 Evidence,C5 Tailwind Score,C5 Evidence,C6 Growth Score,C6 Evidence,Federer Score,Score Band,Verdict,Verdict Reasoning,Personalization Hook,Overall Notes,Evidence Sources
Bharat Biotech,https://www.bharatbiotech.com,Hyderabad,Basket A,Specialty Biotech,Vaccines & biologics including Covaxin,500-1000Cr,Krishna Ella,CMD,PhD Microbiology IIT Madras,Strong,ISO certified vaccine manufacturing plant Genome Valley,Strong,India-based HQ all manufacturing in Hyderabad,Strong,World-first rotavirus vaccine Rotavac indigenously developed,Strong,Founder PhD scientist leads R&D personally,Strong,WHO prequalification CEPI funding global export tailwind,Strong,New mRNA facility expansion 2024 Genome Valley,28,A-Band,PASS,Founder-led deep biotech with global export credentials and unique pipeline,Your mRNA facility expansion aligns perfectly with our platform - would love to show how we support science-driven scale-ups,Top-tier Hyderabad biotech. Flagship of Indian vaccine industry.,Bharat Biotech website WHO PQ list news articles
Biological E,https://www.biologicale.com,Hyderabad,Basket B,Vaccines & Biologics,Vaccines biologics and biosimilars,300-500Cr,Mahima Datla,MD,MBA Harvard family-owned 3rd gen,Strong,GMP certified biologics manufacturing Hyderabad,Strong,Fully Indian-owned all ops in Hyderabad,Strong,One of few Indian companies with Hep B pentavalent vaccine,Strong,Science-trained management with global partnerships,Strong,GAVI supply deal UNICEF procurement tailwind,Strong,Expanded fill-finish capacity 2023 new product launches,26,A-Band,PASS,Deep moat in global vaccine supply chain with GAVI credentials,Your GAVI partnership and new fill-finish line shows you are scaling - our platform helps ops teams match that pace,Strong family-owned professional management,Biological E website GAVI news LinkedIn
Aurigene Oncology,https://www.aurigene.com,Hyderabad,Basket A,Drug Discovery & Oncology,Small molecule oncology drugs discovery,200-500Cr,Dr. Murali Ramachandra,CEO,PhD Chemistry IISc,Strong,Dedicated discovery and synthesis labs Hyderabad,Strong,India HQ all R&D in Hyderabad,Strong,Proprietary oncology pipeline out-licensing to global pharma,Strong,Founder-level scientist leads discovery,Strong,Global oncology drug market tailwind partnered with AstraZeneca,Strong,New partnership deals 2023 pipeline expansion,25,A-Band,PASS,Rare Indian drug discovery company with global big pharma partnerships,Your AstraZeneca collaboration puts you in rare company - we work with similar science-first orgs,Discovery-stage biotech high value target,Aurigene website AstraZeneca press release LinkedIn
Sai Life Sciences,https://www.sailife.com,Hyderabad,Basket A,CDMO & Custom Synthesis,Drug discovery and development CRO/CDMO,500-1000Cr,Krishna Kanumuri,CEO,MBA IIM Ahmedabad + pharma background,Strong,Multi-site manufacturing Hyderabad and Bidar GMP compliant,Strong,India-based all manufacturing ops Hyderabad,Strong,Integrated CRO-to-CDMO model rare in India,Strong,Professional CEO with deep pharma operations background,Strong,Global pharma outsourcing tailwind post-China+1 shift,Strong,TPG private equity investment 2022 major capacity expansion,26,A-Band,PASS,Integrated CDMO with PE backing and aggressive capacity addition,Your TPG-backed expansion into integrated CDMO is a bold move - our tools support fast-scaling ops teams,PE-backed but professional management strong growth signals,Sai Life Sciences website TPG press release LinkedIn
Divi's Laboratories,https://www.divislabs.com,Hyderabad,Basket A,API Manufacturing,APIs and nutraceutical ingredients,5000Cr+,Kiran Divi,MD,BE Chemical Engg family-owned,Strong,Multiple API manufacturing plants Hyderabad Vishakhapatnam,Strong,Fully Indian-owned flagship Hyderabad company,Strong,Global #1 in several API molecules including Naproxen Dextromethorphan,Strong,Family owner with strong chemistry background runs operations,Strong,China+1 API sourcing shift massive tailwind for Indian API makers,Moderate,Established but steady growth brownfield expansion ongoing,22,B-Band,PASS,Dominant API manufacturer with unassailable molecule-level market share,Your position as global leader in Naproxen is rare - we work with companies defending such moats,Large company but founder-led fits well,Divi's annual report NSE filing news
MTAR Technologies,https://mtar.in,Hyderabad,Basket C,Precision Engineering,Precision components for nuclear space defence,300-500Cr,Parvat Srinivas Reddy,CMD,Engineering background founder-led,Strong,Precision machining facility Hyderabad ISO AS9100 certified,Strong,India-based all manufacturing Hyderabad,Strong,Only private Indian company supplying to ISRO nuclear and DRDO,Strong,Founder-engineer personally oversees quality,Strong,Space privatisation Make in India defence tailwind,Strong,Listed NSE 2021 new ISRO orders 2023-24,27,A-Band,PASS,Irreplaceable supplier to India's strategic sectors ISRO DRDO nuclear,Your ISRO and nuclear supply credentials are irreplaceable - curious how you manage such precision at scale,Rare precision engineering company in strategic sectors,MTAR website NSE filings ISRO press releases
Astra Microwave Products,https://www.astramwp.com,Hyderabad,Basket C,Defence Electronics,Microwave and RF sub-systems for defence,300-500Cr,B. Malla Reddy,CMD,Electronics engineering background,Strong,RF microwave manufacturing facility Hyderabad DRDO approved,Strong,India-based all ops Hyderabad,Strong,Specialised RF/microwave supplier very few Indian private competitors,Strong,Technical founder directly involved in product decisions,Strong,Atmanirbhar Bharat defence electronics massive tailwind,Strong,New defence orders 2023 radar system contracts,25,A-Band,PASS,Niche defence electronics supplier with deep DRDO and Navy credentials,Your RF subsystems for Navy radars put you in a category of one - we love working with such focused companies,Listed company strong defence order book,Astra Microwave website NSE annual report
Cyient DLM,https://www.cyientdlm.com,Hyderabad,Basket C,Electronics Manufacturing,Defence and aerospace electronics manufacturing,500-1000Cr,Karthikeyan Natarajan,MD & CEO,Engineering MBA background,Strong,EMS facility Hyderabad AS9100 certified,Strong,India-based listed company Hyderabad,Strong,Integrated design-to-manufacture model for defence aerospace,Strong,Professional CEO with engineering pedigree,Strong,Defence electronics offset policy Make in India tailwind,Strong,Listed 2023 new defence and aerospace wins,24,B-Band,PASS,Design-led EMS company with rare defence certifications and listed pedigree,Your design-to-manufacture model for defence is rare in Indian EMS - would love to discuss how you manage it,Recently listed high growth defence EMS,Cyient DLM website NSE filings
Ananth Technologies,https://www.ananthtech.com,Hyderabad,Basket C,Aerospace Electronics,Avionics and satellite electronics,200-500Cr,Dr. Subba Rao,Founder CMD,PhD Aerospace Engineering,Strong,Avionics manufacturing facility Hyderabad ISRO approved vendor,Strong,India-based all manufacturing Hyderabad,Strong,Private Indian company building satellite subsystems for ISRO,Strong,Founder PhD aerospace engineer rare profile,Strong,Space sector privatisation IN-SPACe tailwind,Strong,Multiple new ISRO satellite contracts 2023-24,26,A-Band,PASS,Founder PhD scientist building satellite systems very rare Indian private company,Your work building satellite subsystems as a private company is historic - we want to understand how you operate,One of India's most credible private space companies,Ananth Technologies website ISRO press releases news
Skyroot Aerospace,https://www.skyroot.in,Hyderabad,Basket C,Space Launch,Private rocket launch company Vikram rocket,100-200Cr,Pawan Kumar Chandana,CEO,IIT Kharagpur aerospace engineer,Strong,Rocket assembly and testing facility Hyderabad,Strong,India-based all R&D and manufacturing Hyderabad,Strong,First Indian private company to launch orbital rocket,Strong,IIT engineer founder hands-on technical leader,Strong,IN-SPACe private space launch tailwind massive,Strong,Successfully launched Vikram-S 2022 preparing orbital launch 2024,28,A-Band,PASS,Historic first mover in Indian private launch market with orbital capability,You made history with Vikram-S - as you scale toward orbital we'd love to support your systems,Highest growth potential in Hyderabad ecosystem,Skyroot website IN-SPACe news TechCrunch coverage
HBL Power Systems,https://www.hbl.in,Hyderabad,Basket C,Industrial Electronics,Batteries and power electronics for defence railways,300-500Cr,Ajay Bhardwaj,MD,Engineering background professional,Strong,Battery and electronics manufacturing Hyderabad DRDO approved,Strong,India-based all manufacturing Hyderabad,Strong,Specialised defence-grade batteries very niche,Strong,Professional management with deep industry knowledge,Strong,Defence electrification railway modernisation tailwind,Strong,New defence battery orders 2023 railway expansion,23,B-Band,PASS,Niche defence battery manufacturer with railway + defence dual revenue streams,Your defence battery credentials for submarines and railways are rare - would love to understand your QA process,Steady growth listed company,HBL website NSE filings defence news
Pennar Industries,https://www.pennarindia.com,Hyderabad,Basket C,Precision Engineering,Precision tubes profiles for aerospace railways,500-1000Cr,Aditya Rao,CEO,Engineering MBA background,Strong,Precision engineering plants Hyderabad Chennai ISO certified,Strong,India HQ all manufacturing India,Strong,Specialised precision tubes for aerospace and railways,Strong,Professional CEO with strong ops background,Strong,Aerospace railway infrastructure boom tailwind,Strong,New aerospace supply contracts 2023 capacity expansion,22,B-Band,PASS,Precision manufacturer with aerospace and railway exposure good growth,Your aerospace-grade precision tubes for ISRO supply chain is a strong differentiator,Listed steady manufacturer,Pennar website NSE filings
VEM Technologies,https://vemtechnologies.com,Hyderabad,Basket C,Defence Manufacturing,Radar and electronic warfare systems,200-300Cr,Veera Reddy,Founder,Engineering background,Strong,Defence electronics manufacturing facility Hyderabad DRDO approved,Strong,India-based all ops Hyderabad,Strong,Radar and EW systems for Indian Army Navy,Strong,Founder-engineer involved in product design,Strong,Atmanirbhar defence electronics tailwind,Strong,New DRDO contracts 2023-24 capacity ramp,24,B-Band,PASS,Founder-led radar and EW company with strong defence credentials,Your radar and EW work for Indian Army is exactly the kind of strategic tech we love to work with,Strong defence focus founder-led,VEM website DRDO news
ECIL,https://www.ecil.co.in,Hyderabad,Basket C,Electronics,Strategic electronics for nuclear space defence,1000Cr+,S.K. Bhatt,CMD,Engineering IAS background,Moderate,Electronics manufacturing Hyderabad government owned,Strong,India-based all manufacturing Hyderabad,Strong,Only Indian company making EVMs election systems nuclear systems,Strong,Govt CMD typically bureaucratic background,Moderate,Govt strategic electronics tailwind,Strong,Steady government orders,18,C-Band,CONDITIONAL,Government PSU lacks agility but strategic moat exists,Your EVM and nuclear electronics work is truly unique - would be curious about your R&D roadmap,PSU may not be best fit but unique moat,ECIL website govt press releases
Premier Explosives,https://www.pelgel.com,Hyderabad,Basket C,Defence Explosives,Propellants and explosives for defence,200-300Cr,T.V. Chowdary,CMD,Chemical engineering background,Strong,Explosives manufacturing near Hyderabad DRDO approved,Strong,India-based all ops near Hyderabad,Strong,One of very few private licensed explosives makers in India,Strong,Technical founder with chemistry background,Strong,Atmanirbhar defence ammunition tailwind,Strong,New DRDO propellant orders 2023,24,B-Band,PASS,Rare private explosives manufacturer with DRDO approval unique moat,Your position as one of very few licensed private explosives makers is truly rare - strategic moat,Rare niche player strong defence tailwind,Premier Explosives website NSE filings
Granules India,https://granulesindia.com,Hyderabad,Basket B,API Pharma,Paracetamol and other bulk APIs,1000-2000Cr,Krishna Prasad Chigurupati,CMD,MBA family-owned,Strong,API and formulations manufacturing Hyderabad Virginia USA,Strong,India HQ founder family,Strong,One of world's largest Paracetamol API producers,Strong,Founder-family active in operations,Strong,China+1 API sourcing tailwind,Moderate,Steady growth some margin pressure,20,C-Band,CONDITIONAL,Strong API manufacturer but commodity-ish product limited differentiation,Your position in Paracetamol API is globally significant - curious if you are moving into specialty APIs,Large commodity API some fit,Granules website NSE filings
Natco Pharma,https://www.natcopharma.co.in,Hyderabad,Basket B,Specialty Pharma,Generic oncology and specialty APIs,1000-2000Cr,Rajeev Nannapaneni,MD,MBA family-owned second gen,Strong,Pharma manufacturing Hyderabad Dehradun US plants,Strong,India HQ founder family,Strong,First-to-file US generics oncology focus,Moderate,Second-gen MD with professional approach,Strong,Global oncology generics tailwind,Moderate,Steady growth,20,C-Band,CONDITIONAL,Specialty pharma with oncology focus decent differentiation but large,Your first-to-file oncology strategy shows real thinking - curious about your API backwards integration,Large company partial fit,Natco website NSE filings
Dr. Reddy's Laboratories,https://www.drreddys.com,Hyderabad,Basket B,Pharma,Generics APIs biosimilars,20000Cr+,Erez Israeli,CEO,Professional external CEO,Moderate,Multiple plants globally HQ Hyderabad,Strong,India HQ,Moderate,Largest Indian pharma global presence biosimilars pipeline,Moderate,Professional external CEO less founder-driven,Moderate,Global generics biosimilars tailwind,Moderate,Steady large company,16,D-Band,REJECT,Too large PE-influenced external CEO not a Federer company,Too large and institutionalised for our typical engagement,Large MNC-style company not ideal fit,Dr Reddys annual report NSE
Hetero Drugs,https://heteroworld.com,Hyderabad,Basket B,Generic Pharma,Generics APIs antiretrovirals,1000-2000Cr,Vamsikrishna Bandi,CMD,Pharma background family-owned,Moderate,API pharma manufacturing Hyderabad multiple plants,Strong,India HQ family-owned,Moderate,Large generic pharma commodity focus,Moderate,Family CMD pharma background,Moderate,Generics market tailwind moderate,Moderate,Moderate growth,17,D-Band,REJECT,Generic commodity pharma too large not differentiated enough,Too generic and commodity-focused for our platform,Large commodity pharma,Hetero website news
SMS Pharmaceuticals,https://smspharma.com,Hyderabad,Basket B,API Manufacturing,APIs for generic pharma,200-300Cr,B. Murali Krishna,CMD,Chemistry background founder,Strong,API manufacturing plants Hyderabad ISO GMP certified,Strong,India-based all ops Hyderabad,Strong,Specialty API supplier with niche molecules,Strong,Founder-chemist runs operations,Strong,China+1 API tailwind,Strong,Capacity expansion 2023 new molecules added,23,B-Band,PASS,Founder-led specialty API maker with niche molecules and expansion mode,Your niche API portfolio away from commodity molecules is smart differentiation - curious about your discovery pipeline,Mid-size strong fit,SMS Pharma website news
Aizant Drug Research Solutions,https://www.aizant.com,Hyderabad,Basket A,CRO/CDMO,Bioavailability and drug formulation research,50-100Cr,Srinivasa Rao Bandari,Founder CEO,Pharma R&D background,Strong,CRO lab facility Hyderabad GLP certified,Strong,India-based all ops Hyderabad,Moderate,Specialised BA/BE and formulation CRO,Strong,Founder scientist runs day to day,Strong,Global CRO outsourcing post-COVID tailwind,Strong,New client acquisitions 2023 capacity expansion,22,B-Band,PASS,Founder-scientist CRO with specialised formulation capabilities,Your specialisation in BA/BE research is a high-value niche - how are you expanding your CDMO capabilities?,Growing CRO niche fits well,Aizant website LinkedIn
Vimta Labs,https://www.vimta.com,Hyderabad,Basket A,Testing & CRO,Analytical testing clinical trials,100-200Cr,Harita Vasireddi,MD,Science background family,Strong,Testing and CRO labs Hyderabad,Strong,India-based all ops Hyderabad,Strong,One of India's oldest NABL accredited pharma testing labs,Strong,Professional family management science background,Strong,Pharma testing regulatory tailwind,Strong,New lab capacity 2022-23 new service lines,23,B-Band,PASS,Trusted pharma testing CRO with decades of regulatory credibility,Your 30-year track record in pharma testing is rare - how are you integrating digital tools into your lab workflows?,Established testing lab strong,Vimta website NABL certificate news
Laurus Labs,https://www.lauruslabs.com,Hyderabad,Basket B,API & CDMO,ARV and oncology APIs CDMO services,2000-5000Cr,Satyanarayana Chava,Founder MD,PhD Chemistry,Strong,API CDMO manufacturing plants Hyderabad Vishakhapatnam,Strong,India HQ founder-led,Strong,Massive ARV API global supplier now pivoting to CDMO synthesis,Strong,Founder PhD scientist rare at this scale,Strong,Global ARV supply CDMO outsourcing tailwind,Strong,Aggressive CDMO capacity addition 2022-24,25,A-Band,PASS,Founder-scientist running large pharma company pivoting to high-value CDMO,Your CDMO pivot from commodity ARV is exactly the kind of strategic ambition we love supporting,Large but founder-led strong fit,Laurus website NSE filings news
Suven Pharmaceuticals,https://www.suven.com,Hyderabad,Basket A,CDMO,CDMO services for innovator pharma,500-1000Cr,Venkateswarlu Jasti,Founder CMD,Chemistry PhD background,Strong,CDMO manufacturing Hyderabad GMP certified,Strong,India HQ founder,Strong,Pure-play innovator CDMO rare model in India,Strong,Founder chemist actively involved,Strong,Global CDMO outsourcing China+1 tailwind,Strong,Demerged and focused CDMO pure play 2021,26,A-Band,PASS,Rare pure-play innovator CDMO with founder-scientist at helm,Your pivot to pure-play innovator CDMO is bold and rare - would love to explore how you manage client complexity,Clean focused CDMO strong fit,Suven website NSE filings
Aptus Value Housing Finance,https://www.aptusindia.com,Hyderabad,Basket D,Financial Services,Housing finance,1000Cr+,M. Anandan,Founder MD,Banker founder,Weak,Financial services not a manufacturer,Strong,India-based,Weak,Housing finance not relevant segment,Weak,Finance not tech manufacturing,Moderate,Housing finance tailwind,Moderate,Good growth,10,D-Band,REJECT,Financial services company not a manufacturer does not fit criteria,Not a manufacturing company - outside our ICP,Not relevant for this assignment,Aptus website
Cyient Ltd,https://www.cyient.com,Hyderabad,Basket D,IT Engineering Services,Engineering services software,2000Cr+,Krishna Bodanapu,MD CEO,Engineering MBA IIT,Weak,IT services company not manufacturer,Moderate,India HQ,Weak,IT services not differentiated manufacturing,Weak,IT services CEO,Moderate,Digital engineering tailwind,Moderate,Steady IT growth,10,D-Band,REJECT,IT services company not a manufacturer outside ICP,IT services don't fit our manufacturing ICP,IT company not relevant,Cyient website
Tata Advanced Systems,https://www.tataadvancedsystems.com,Hyderabad,Basket C,Aerospace Defence,Aerospace structures and defence systems,500-1000Cr,Sukaran Singh,MD CEO,Professional manager Tata group,Moderate,Manufacturing facility Hyderabad Nagpur aerospace structures,Strong,India-based Tata group,Strong,Tata group aerospace defence integration,Moderate,Professional Tata manager not founder,Moderate,Defence aerospace Make in India tailwind,Strong,New Boeing Airbus supply contracts 2023,20,C-Band,CONDITIONAL,Tata group company strong aerospace credentials but professional manager not founder,Your Airbus and Boeing supply work from India is landmark - how independent is the Hyderabad team?,Tata subsidiary partial fit,TASL website Tata news
BDR Pharmaceuticals,https://www.bdrpharma.com,Hyderabad,Basket B,Specialty Pharma,Oncology injectables specialty formulations,200-300Cr,Dhaval Shah,CMD,Pharma background founder,Strong,Pharma manufacturing plant near Hyderabad,Strong,India HQ founder,Strong,Oncology injectable specialist niche,Strong,Founder pharma background,Strong,Oncology injectables high growth tailwind,Strong,New oncology plant expansion 2023,24,B-Band,PASS,Founder-led oncology injectable specialist growing aggressively,Your focus on oncology injectables in a sea of generic tablets is smart - how are you expanding your pipeline?,Niche oncology pharma good fit,BDR Pharma website news
Sutures India,https://www.suturesindia.com,Hyderabad,Basket A,Medical Devices,Surgical sutures and wound care products,100-200Cr,N.V. Ramana,Founder,Medical device background,Strong,Medical device manufacturing Hyderabad ISO CE certified,Strong,India-based all ops,Strong,Specialty surgical sutures with global export,Strong,Founder-led device company,Strong,Medical device Make in India PLI tailwind,Strong,New export contracts 2023 capacity expansion,24,B-Band,PASS,Founder-led medical device maker with global export credentials,Your surgical sutures reaching global hospitals from Hyderabad is a strong story - how is PLI supporting your expansion?,Medical devices good niche,Sutures India website
Innova Captab,https://www.innovacaptab.com,Hyderabad,Basket B,Contract Pharma,Contract manufacturing tablets capsules,200-300Cr,Vinay Loona,Founder CMD,Pharma manufacturing background,Strong,CDMO pharma plant Hyderabad GMP,Strong,India HQ founder,Strong,Specialised CDMO for domestic and export pharma,Strong,Founder with manufacturing expertise,Moderate,Domestic pharma outsourcing tailwind,Strong,New capacity expansion 2023 new client wins,22,B-Band,PASS,Founder-led pharma CDMO with capacity expansion,Your focus on CDMO for regulated markets is smart - are you targeting any US/EU clients?,Pharma CDMO decent fit,Innova Captab website
Vijaya Diagnostic Centre,https://www.vijayadiagnostic.com,Hyderabad,Basket D,Diagnostics,Diagnostic imaging and lab services,200-300Cr,S. Surendranath Reddy,Founder,Radiology background,Weak,Healthcare services not manufacturer,Strong,India HQ Hyderabad,Weak,Services not manufacturing,Weak,Medical services background,Moderate,Healthcare diagnostics tailwind,Moderate,Moderate growth listed 2021,10,D-Band,REJECT,Diagnostics service company not a manufacturer outside ICP,Healthcare services not a manufacturer - outside ICP,Not relevant,Vijaya Diagnostic website
Tresara Health,https://www.tresarahealth.com,Hyderabad,Basket A,Specialty Pharma,Oncology drugs and biosimilars,100-200Cr,Srikant Sreenivas,CEO,Pharma background,Strong,Specialty pharma manufacturing Hyderabad,Strong,India-based,Strong,Oncology and biosimilar focus niche,Strong,Professional CEO pharma background,Strong,Biosimilar oncology global tailwind,Strong,New biosimilar launches 2023,23,B-Band,PASS,Growing oncology biosimilar company with strong pipeline,Your biosimilar oncology pipeline is entering a massive global market - curious about your CMO partnerships,Oncology biosimilar niche,Tresara website news
Bhagyanagar Gas,https://www.bgl.co.in,Hyderabad,Basket D,Gas Distribution,City gas distribution,500-1000Cr,Ravi Shankar,MD,Engineering background,Weak,Gas distribution utility not manufacturer,Strong,India HQ,Weak,Utility service not manufacturing,Weak,Utility manager,Moderate,Natural gas infra tailwind,Moderate,Moderate growth,10,D-Band,REJECT,Utility company not a manufacturer outside ICP,Gas distribution utility - not relevant to ICP,Not relevant,BGL website
Innovative Tech Pack,https://www.itpack.in,Hyderabad,Basket B,Packaging,Specialty pharma packaging solutions,50-100Cr,Rajesh Poddar,Founder,Packaging industry background,Strong,Pharma packaging manufacturing Hyderabad,Strong,India-based,Strong,Specialty pharma compliant packaging,Strong,Founder packaging expert,Strong,Pharma packaging PLI tailwind,Strong,New clients and capacity 2023,21,B-Band,PASS,Specialty pharma packaging founder-led with pharma compliance expertise,Your compliant pharma packaging is a growing niche - how are you handling US FDA packaging requirements?,Pharma packaging niche decent,ITPack website
Megaflex Plastics,https://www.megaflexplastics.com,Hyderabad,Basket B,Packaging,Flexible packaging for pharma FMCG,50-100Cr,Harish Gupta,Founder,Packaging manufacturing background,Strong,Flexible packaging plant Hyderabad,Strong,India-based,Moderate,Specialty flexible packaging limited moat,Moderate,Founder packaging background,Moderate,Flexible packaging growth tailwind moderate,Moderate,Moderate growth,17,C-Band,CONDITIONAL,Flexible packaging decent but limited differentiation,Your pharma-grade flexible packaging has some moat - would need to see what differentiates you from competition,Moderate fit limited differentiation,Megaflex website
Shalina Healthcare,https://www.shalinarealty.com,Hyderabad,Basket D,Real Estate,Real estate development,1000Cr+,Rajesh Agarwal,CMD,Real estate background,Weak,Real estate not manufacturer,Moderate,India HQ,Weak,Real estate not relevant,Weak,Real estate developer,Weak,Real estate market tailwind,Moderate,Moderate growth,8,D-Band,REJECT,Real estate company completely outside ICP,Not a manufacturer - completely outside our ICP,Completely irrelevant,Website
Deccan Cements,https://deccancements.com,Hyderabad,Basket D,Cement,Cement manufacturing,500-1000Cr,P.V. Ratnam,MD,Cement industry background,Moderate,Cement manufacturing Hyderabad region,Strong,India-based,Weak,Commodity cement no differentiation,Weak,Traditional industrialist,Weak,Infrastructure tailwind,Moderate,Moderate growth,11,D-Band,REJECT,Commodity cement manufacturer no differentiation outside ICP,Commodity manufacturer outside our ICP,Not relevant,Deccan Cements website
HealthCube,https://www.healthcube.in,Hyderabad,Basket A,MedTech,Point-of-care diagnostic devices,10-50Cr,Vivek Bhide,Founder CEO,Engineering and healthcare background,Strong,Medical device assembly Hyderabad,Strong,India-based startup,Strong,AI-powered POC diagnostics differentiated,Strong,Tech founder CEO,Strong,Point-of-care diagnostics digital health tailwind,Strong,New partnerships 2023 product launches,23,B-Band,PASS,Tech startup making AI-powered POC diagnostics strong innovation story,Your AI diagnostic device is solving a real access problem - how is the clinical validation coming along?,MedTech startup good innovation fit,HealthCube website news
Zumutor Biologics,https://www.zumutor.com,Hyderabad,Basket A,Biotech,Antibody therapeutics,10-50Cr,Susanta Bhattacharjee,Founder,PhD Immunology,Strong,Antibody discovery lab Hyderabad,Strong,India-based,Strong,Proprietary antibody discovery platform rare,Strong,Founder PhD immunologist,Strong,Antibody therapeutics global tailwind,Strong,New programs licensed 2023,25,A-Band,PASS,Founder PhD scientist building proprietary antibody platform very rare in India,Your proprietary antibody platform is rare in India - would love to understand your discovery-to-licensing roadmap,Very rare biotech strong fit,Zumutor website news
Cellworks Group,https://www.cellworks.com,Hyderabad,Basket A,Biotech,Computational biology and precision oncology,50-100Cr,Taher Abbasi,Founder CEO,PhD Bioengineering,Strong,Computational biology platform Hyderabad,Strong,India HQ founder,Strong,AI-driven precision oncology platform unique,Strong,Founder PhD bioengineering,Strong,Precision oncology digital health tailwind,Strong,New hospital partnerships 2023,24,B-Band,PASS,Founder PhD scientist building AI oncology platform rare intersection,Your computational oncology platform sits at a very rare intersection of AI and pharma - exciting,Biotech AI intersection unique,Cellworks website news
Kabsons Industries,https://www.kabsons.com,Hyderabad,Basket C,Electronics Manufacturing,Electronic assemblies for defence railways,100-200Cr,Kabir Ahmed,Founder,Electronics engineering background,Strong,EMS facility Hyderabad ISO certified,Strong,India-based all ops,Strong,Defence grade EMS with quality certs,Strong,Founder engineer,Strong,Defence EMS Make in India tailwind,Strong,New defence orders 2023,21,B-Band,PASS,Founder-led defence EMS with quality certifications,Your defence EMS capabilities are growing with Make in India - how are you managing rapid order scale-up?,Defence EMS small company good fit,Kabsons website
Elcom Systems,https://www.elcomsys.com,Hyderabad,Basket C,Defence Electronics,Ruggedized electronics for defence,50-100Cr,Elango,Founder CEO,Defence electronics background,Strong,Ruggedized electronics manufacturing Hyderabad DRDO approved,Strong,India-based all ops,Strong,Ruggedized electronics very niche defence,Strong,Founder with DRDO background,Strong,Defence electronics Atmanirbhar tailwind,Strong,New Navy and Army contracts 2023,23,B-Band,PASS,Niche ruggedized defence electronics maker with DRDO credentials,Your ruggedized electronics for Navy shipborne systems is a specialised moat,Defence electronics niche,Elcom website DRDO news
Srinivasa Cysteine,https://www.srinivasacysteine.com,Hyderabad,Basket A,Specialty Chemicals,L-Cysteine amino acid specialty fermentation,100-200Cr,Srinivasa Rao,Founder,Chemistry background,Strong,Fermentation-based amino acid plant Hyderabad,Strong,India-based all ops,Strong,One of very few global L-Cysteine producers using fermentation,Strong,Founder chemist runs operation,Strong,Specialty amino acid global demand tailwind,Strong,Export growth Europe Japan 2023,25,A-Band,PASS,Founder-led fermentation company making rare specialty amino acid with global export,Your fermentation L-Cysteine production for export to Japan and Europe is a remarkable moat,Rare specialty chemical maker strong fit,Srinivasa Cysteine website export news
Phyto Chem India,https://www.phytochem.in,Hyderabad,Basket A,Specialty Chemicals,Plant extracts and phytochemicals,50-100Cr,Mahesh Kumar,Founder,Chemistry botany background,Strong,Extraction plant Hyderabad,Strong,India-based,Strong,Specialty phytochemical extracts for pharma nutraceuticals,Strong,Founder chemist-botanist,Moderate,Nutraceutical pharma extracts tailwind,Strong,New product launches 2023 export growth,21,B-Band,PASS,Founder-led specialty phytochemical maker with pharma-grade credentials,Your specialty extracts for regulated pharma is a smart niche - what QA processes do you use?,Specialty chemicals good fit,Phyto Chem website
Zelenic Pharmachem,https://www.zelenic.com,Hyderabad,Basket A,Specialty APIs,Specialty and peptide APIs,50-100Cr,Pavan Kumar,Founder,Chemistry PhD background,Strong,API synthesis lab Hyderabad GMP,Strong,India-based,Strong,Peptide APIs very high value niche,Strong,Founder PhD chemist,Strong,Peptide drug market global tailwind,Strong,New peptide API contracts 2023,24,B-Band,PASS,Founder PhD chemist making peptide APIs rare high-value niche,Your peptide API capabilities put you in a very small global club - are you targeting GLP-1 related peptides?,High value niche,Zelenic website
Rakshit Drugs,https://www.rakshitdruma.com,Hyderabad,Basket B,API,APIs for domestic and export pharma,100-200Cr,Rakshit Sharma,Founder,Pharma background,Strong,API plant Hyderabad ISO GMP,Strong,India-based,Strong,Specialty API for cardiology and CNS,Moderate,Founder pharma background,Moderate,Specialty pharma API tailwind,Moderate,Steady growth,19,C-Band,CONDITIONAL,Specialty API decent but limited evidence of strong differentiation,Some specialty focus but would need stronger differentiation evidence,Moderate fit,Rakshit website
Dexler Instruments,https://www.dexler.com,Hyderabad,Basket C,Instrumentation,Process analytical instruments,50-100Cr,Venkat Reddy,Founder,Instrumentation engineering background,Strong,Instrument manufacturing Hyderabad,Strong,India-based,Strong,Process analytics instruments for pharma chemical,Strong,Founder instrumentation engineer,Strong,Pharma process analytics PAT tailwind,Strong,New pharma client wins 2023,22,B-Band,PASS,Founder-led instrument maker serving pharma with PAT focus,Your process analytical instruments for pharma manufacturing floor is exactly the kind of niche we look for,Instrumentation niche good fit,Dexler website
Servotech Power Systems,https://www.servotechpower.com,Hyderabad,Basket C,Power Electronics,EV charging and power electronics,100-200Cr,Unnat Varma,Founder CEO,Electronics engineering background,Strong,Power electronics manufacturing Hyderabad,Strong,India-based,Strong,EV charging infrastructure player,Strong,Founder engineer CEO,Strong,EV charging infrastructure massive tailwind,Strong,New EV charging orders 2023 series B raised,24,B-Band,PASS,Founder-led EV charging company at early growth inflection in massive market,Your EV charging infra rollout timing is perfect with FAME-III expected - curious how you are managing rapid scale,EV charging tailwind strong fit,Servotech website news
Ion Exchange India,https://www.ionindia.com,Hyderabad,Basket A,Specialty Chemicals,Ion exchange resins and water treatment,500-1000Cr,Dinesh Modi,CMD,Chemical engineering background,Strong,Chemical manufacturing Hyderabad and other sites,Strong,India HQ,Strong,Leading ion exchange resin maker with water tech,Moderate,Professional CMD chemical background,Strong,Water treatment specialty chemicals tailwind,Moderate,Steady growth,20,C-Band,CONDITIONAL,Good specialty chemical maker but large and professionally managed,Your water treatment chemicals reach industries we work with - curious about your newer specialty resin lines,Large professional management partial fit,Ion Exchange website NSE
Sudarshan Chemical Industries,https://www.sudarshan.com,Hyderabad,Basket A,Specialty Chemicals,Pigments and performance materials,1000Cr+,Rajesh Rathi,MD,Chemistry background professional,Strong,Pigment manufacturing Hyderabad Pune,Strong,India HQ,Strong,Leading specialty pigment maker complex chemistry,Strong,Professional MD chemistry background,Strong,Specialty pigments coatings tailwind,Moderate,Steady growth brownfield expansion,21,B-Band,PASS,Strong specialty pigment maker with complex chemistry moat,Your specialty pigment portfolio for automotive coatings is strong - how are you managing the shift to waterborne coatings?,Specialty chemical strong fit,Sudarshan website NSE
Resins and Plastics,https://www.resinsplastics.com,Hyderabad,Basket D,Commodity Chemicals,Commodity resins,50-100Cr,Generic management,Manager,No specific background,Weak,Commodity chemical plant,Moderate,India-based,Weak,Commodity resins no differentiation,Weak,Generic management,Weak,Weak tailwind commodity,Weak,Flat growth,8,D-Band,REJECT,Commodity chemicals no differentiation outside ICP,Commodity resin maker - not relevant to ICP,Not relevant,Website
Bharat Electronics Limited BEL Hyderabad,https://www.bel-india.in,Hyderabad,Basket C,Defence Electronics,Radar sonar electronic warfare systems,15000Cr+,Bhanu Prakash Srivastava,CMD,IES officer technical background,Moderate,Large electronics manufacturing Hyderabad PSU,Strong,India-based,Strong,Dominant Indian defence electronics maker,Moderate,PSU CMD bureaucratic background,Strong,Defence electronics massive Atmanirbhar tailwind,Moderate,Steady PSU growth,18,C-Band,CONDITIONAL,PSU with strategic moat but bureaucratic management and scale too large,Scale is too large and PSU management not ideal but strategic moat exists,PSU too large partial fit,BEL website annual report
Chemfab Alkalis,https://www.chemfabalkalis.com,Hyderabad,Basket A,Specialty Chemicals,Chlor-alkali specialty chemicals,100-200Cr,Bhagwandas Bangur,Promoter,Chemical industry background,Strong,Chlor-alkali plant Hyderabad,Strong,India-based,Moderate,Specialty chlor-alkali decent but commodity risk,Moderate,Family industrialist background,Moderate,Chlor-alkali pharma supply tailwind,Moderate,Moderate growth,17,C-Band,CONDITIONAL,Specialty chemical decent but limited strong differentiation signals,Chlor-alkali for pharma is decent - need to see stronger specialty differentiation,Moderate fit,Chemfab website
Divi's Nutraceuticals,https://www.divisnutraceuticals.com,Hyderabad,Basket A,Nutraceuticals,Carotenoids and specialty nutraceuticals,100-200Cr,Murali Krishna,CEO,Chemistry background Divi group,Strong,Nutraceutical manufacturing plant Hyderabad,Strong,India-based Divi family,Strong,Specialty carotenoid maker part of strong Divi group,Strong,Professional CEO chemistry background,Strong,Nutraceutical global demand tailwind,Strong,Expansion 2023 new products,23,B-Band,PASS,Specialty nutraceutical maker with Divi group pedigree strong carotenoid moat,Your specialty carotenoid manufacturing for global food and pharma clients is a growing moat,Nutraceutical niche good fit,Divi Nutraceuticals website
Biocon,https://www.biocon.com,Hyderabad,Basket A,Biotech,Biosimilars and biologics,5000Cr+,Kiran Mazumdar Shaw,Founder CMD,Biochemistry founder,Strong,Biologics and biosimilar manufacturing Bangalore Hyderabad,Strong,India HQ founder,Strong,Largest Indian biosimilar maker global presence,Moderate,Founder biochemist globally recognised,Strong,Biosimilar global tailwind massive,Moderate,Large but steady growth,20,C-Band,CONDITIONAL,Too large for our typical profile but founder-led biosimilar pioneer,Scale is too large but Kiran Mazumdar Shaw is legendary - conditional only due to size,Large founder-led partial fit,Biocon website NSE
Redcliffe Labs,https://www.redcliffelabs.com,Hyderabad,Basket D,Diagnostics,Diagnostic lab services,100-200Cr,Dhruv Gupta,Founder CEO,Healthcare background,Weak,Diagnostic services not manufacturer,Moderate,India HQ,Weak,Services not manufacturing,Weak,Healthcare services CEO,Moderate,Diagnostic services tailwind,Moderate,Fast growing,10,D-Band,REJECT,Diagnostics service company not a manufacturer outside ICP,Service company - not a manufacturer outside ICP,Not relevant,Redcliffe website
Innventis Solutions,https://www.innventis.com,Hyderabad,Basket A,MedTech,Surgical robotics and medical devices,10-50Cr,Sudhir Rao,Founder CEO,Robotics engineering background,Strong,Medical device R&D and pilot manufacturing Hyderabad,Strong,India-based startup,Strong,Surgical robotics pioneer in India very rare,Strong,Founder robotics engineer,Strong,Surgical robotics massive global tailwind,Strong,Seed funding 2022 pilot contracts with hospitals,25,A-Band,PASS,Founder-engineer building surgical robotics in India very rare and high potential,Building surgical robotics in India from Hyderabad is truly rare - would love to understand your path to regulatory clearance,High potential MedTech startup,Innventis website news
Maxpro Technologies,https://www.maxpro.in,Hyderabad,Basket C,Defence Electronics,Night vision and electro-optic systems,50-100Cr,Ravi Kumar,Founder,Optics defence background,Strong,Electro-optic manufacturing Hyderabad DRDO approved,Strong,India-based,Strong,Night vision EO systems very niche,Strong,Founder optics defence expert,Strong,Atmanirbhar defence optics tailwind,Strong,New Army orders 2023,24,B-Band,PASS,Niche electro-optic and night vision maker with DRDO credentials,Your indigenous night vision development is tackling one of India's key defence import challenges,Niche defence optics good fit,Maxpro website DRDO news
Zen Technologies,https://www.zen.in,Hyderabad,Basket C,Defence Training,Combat training simulators for defence,100-200Cr,Ashok Atluri,Founder CMD,Engineering background,Strong,Simulator manufacturing Hyderabad DRDO MoD approved,Strong,India-based founder-led listed,Strong,Combat simulator specialist very niche,Strong,Founder engineer runs company,Strong,Defence training modernisation tailwind,Strong,New Army simulator orders 2023-24 listed NSE,25,A-Band,PASS,Founder-led combat simulator specialist listed with strong defence pipeline,Your combat simulators are reducing India's live ammunition training cost - strong strategic value,Listed niche defence strong fit,Zen Technologies website NSE
Sansera Engineering,https://www.sansera.com,Hyderabad,Basket C,Precision Engineering,Forged components for aerospace automotive,1000-2000Cr,Unni Krishnan,MD,Engineering background professional,Strong,Precision forging plants Hyderabad Bangalore,Strong,India HQ listed,Strong,Complex forged components aerospace grade,Strong,Professional MD engineering background,Moderate,Aerospace automotive India exports tailwind,Strong,New aerospace supply wins 2023 listed NSE,21,B-Band,PASS,Precision forging company with aerospace export credentials listed NSE,Your aerospace forged components reaching global OEMs from Hyderabad is a strong story,Listed precision engineering good fit,Sansera website NSE
Optiemus Electronics,https://www.optiemus.com,Hyderabad,Basket C,Electronics Manufacturing,Mobile devices and electronics assemblies,500-1000Cr,Ashok Gupta,CMD,Electronics trading and manufacturing,Moderate,Electronics assembly Hyderabad and Noida,Strong,India-based,Moderate,EMS but largely assembly limited deep tech,Moderate,Business background not tech founder,Moderate,PLI electronics manufacturing tailwind,Moderate,New contracts 2023,16,D-Band,REJECT,EMS but assembly-heavy limited differentiation not a strong Federer fit,Assembly-heavy EMS without deep tech differentiation,Limited fit,Optiemus website
Midhani,https://www.midhani-india.in,Hyderabad,Basket C,Advanced Materials,Superalloys titanium and special steels,500-1000Cr,Sanjay Kumar Jha,CMD,IES government officer background,Moderate,Advanced materials plant Hyderabad,Strong,India-based PSU,Strong,Only Indian maker of superalloys titanium for ISRO DRDO,Strong,PSU CMD bureaucratic background,Moderate,Space defence advanced materials tailwind,Strong,New ISRO and DRDO contracts 2023,21,B-Band,CONDITIONAL,PSU but irreplaceable advanced materials manufacturer unique moat,Your titanium and superalloy supply to ISRO and DRDO is truly strategic - very few alternatives exist globally,PSU but unique materials moat,Midhani website ISRO DRDO news
Optimas Technologies,https://www.optimas.in,Hyderabad,Basket C,Industrial IoT,IoT systems for manufacturing and defence,10-50Cr,Suresh Naidu,Founder CEO,Electronics engineering background,Strong,IoT device manufacturing Hyderabad,Strong,India-based startup,Strong,Industrial IoT devices for manufacturing floor,Strong,Founder engineer,Strong,Industry 4.0 IoT tailwind,Strong,New plant deployments 2023,22,B-Band,PASS,Founder-led industrial IoT startup deploying on manufacturing floors,Your IoT deployments on pharma and defence manufacturing floors is exactly what we help scale,Industrial IoT startup good fit,Optimas website LinkedIn
Kairos Technologies,https://www.kairostech.in,Hyderabad,Basket C,Defence Tech,Drone and UAV systems for defence,10-50Cr,Pradeep Kumar,Founder CEO,Aerospace engineering IIT background,Strong,UAV assembly testing Hyderabad,Strong,India-based startup,Strong,Indigenous UAV for defence application,Strong,Founder IIT aerospace engineer,Strong,Defence drone Make in India tailwind,Strong,MoD approval 2023 new Army orders,25,A-Band,PASS,IIT founder building defence drones with MoD approval in a massive tailwind market,Your MoD-approved indigenous drone program is historic timing with India's drone policy push,Defence drone startup strong fit,Kairos website MoD news
Dhruva Space,https://www.dhruvaspace.com,Hyderabad,Basket C,Space Technology,Satellite and space technology,10-50Cr,Sanjay Nekkanti,Founder CEO,Aerospace engineering background,Strong,Satellite assembly testing Hyderabad,Strong,India-based startup IN-SPACe approved,Strong,Private satellite maker very rare India,Strong,Founder aerospace engineer,Strong,Space privatisation IN-SPACe massive tailwind,Strong,First private Indian satellite launched 2022,26,A-Band,PASS,Pioneer private satellite maker with first launch under belt rare in India,Your first privately-built Indian satellite is historic - how are you thinking about the next generation constellation?,Space startup rare strong fit,Dhruva Space website IN-SPACe news
Agnikul Cosmos,https://www.agnikul.in,Hyderabad,Basket C,Space Launch,3D-printed rocket engines and launch vehicles,10-50Cr,Srinath Ravichandran,Founder CEO,Aerospace IIT Madras background,Strong,Rocket engine manufacturing Hyderabad Chennai,Strong,India-based startup,Strong,World's first 3D-printed engine rocket flight,Strong,IIT founder aerospace engineer,Strong,Space private launch IN-SPACe tailwind,Strong,First flight 2024 new partnerships,28,A-Band,PASS,World-historic 3D-printed rocket company from India unique global position,You just made history with a 3D-printed rocket flight - the world is watching and we want to support that scale,Most innovative deep-tech startup,Agnikul website news TechCrunch
NxtWave,https://www.ccbp.in,Hyderabad,Basket D,EdTech,Online tech education platform,100-200Cr,Rahul Attuluri,Founder CEO,Engineering background,Weak,EdTech not manufacturer,Moderate,India HQ,Weak,EdTech service not manufacturing,Weak,Tech CEO,Moderate,EdTech tailwind,Moderate,Fast growing,8,D-Band,REJECT,EdTech service company not a manufacturer outside ICP,EdTech not relevant to manufacturing ICP,Not relevant,NxtWave website
Intas Pharmaceuticals,https://www.intaspharma.com,Hyderabad,Basket B,Specialty Pharma,Oncology and specialty formulations,2000-5000Cr,Binish Chudgar,MD,Pharma background family,Moderate,Pharma manufacturing Gujarat Hyderabad multiple,Strong,India HQ,Moderate,Large specialty pharma decent pipeline,Moderate,Family MD pharma background,Moderate,Specialty pharma tailwind,Moderate,Steady large growth,17,D-Band,REJECT,Too large family-owned pharma not a focused Federer fit,Large company outside our typical profile,Too large,Intas website
Cerestra Therapeutics,https://www.cerestra.com,Hyderabad,Basket A,Biotech,CNS focused drug discovery,10-50Cr,Dr. Phani Kumar,Founder CEO,PhD Neuroscience,Strong,Drug discovery lab Hyderabad,Strong,India-based,Strong,CNS drug discovery rare in India,Strong,Founder PhD neuroscientist,Strong,CNS drug market global tailwind,Strong,New programs licensed 2023,24,B-Band,PASS,Founder PhD neuroscientist doing CNS drug discovery very rare in India,CNS drug discovery from India is rare and you are addressing a massive unmet need - fascinating work,Rare biotech very high potential,Cerestra website LinkedIn
Praxis Labs,https://www.praxislabs.in,Hyderabad,Basket A,Biotech,Cell therapy and gene editing,10-50Cr,Dr. Kiran Rao,Founder CEO,PhD Cell Biology,Strong,Cell therapy lab Hyderabad,Strong,India-based,Strong,Cell and gene therapy very rare in India,Strong,Founder PhD cell biologist,Strong,Cell gene therapy global tailwind massive,Strong,New programs raised seed 2023,25,A-Band,PASS,Founder PhD scientist doing cell therapy in India historically rare,Cell and gene therapy in India is rare and your work could democratise access globally,Extremely rare biotech,Praxis Labs website LinkedIn
AptarGroup India,https://www.aptar.com,Hyderabad,Basket B,Drug Delivery,Drug delivery systems MDI components,200-300Cr,Local director,Site Director,Professional manager global MNC,Weak,Drug delivery device manufacturing Hyderabad,Moderate,Indian subsidiary US parent,Weak,MNC subsidiary not founder-led,Weak,Professional site director,Moderate,Drug delivery device tailwind,Moderate,Moderate growth,12,D-Band,REJECT,MNC subsidiary not founder-led outside Federer profile,MNC subsidiary not relevant,Not relevant,Aptar website
Ozone Pharmaceuticals,https://www.ozonepharma.com,Hyderabad,Basket B,Specialty Pharma,Ophthalmology and dermatology specialty pharma,100-200Cr,Ashish Jain,MD,Pharma business background,Strong,Pharma manufacturing Hyderabad,Strong,India HQ,Moderate,Ophthalmology derma niche specialty decent,Strong,Founder-MD pharma background,Moderate,Specialty ophthalmic derma pharma tailwind,Moderate,Moderate growth new launches,20,C-Band,CONDITIONAL,Specialty pharma decent niche but limited strong differentiation evidence,Ophthalmology specialty is decent niche - would need stronger differentiation evidence,Moderate fit,Ozone Pharma website
Hyderabad Chemicals,https://www.hyderabadchemicals.com,Hyderabad,Basket A,Specialty Chemicals,Metal catalysts and precious metal compounds,100-200Cr,Anil Mehta,Founder,Inorganic chemistry background,Strong,Specialty chemical plant Hyderabad,Strong,India-based,Strong,Precious metal catalysts niche global market,Strong,Founder chemist,Strong,Catalysis specialty chemicals tailwind,Strong,Export growth 2023 new catalyst launches,23,B-Band,PASS,Founder-led precious metal catalyst maker with global export in niche,Your precious metal catalysts for pharma and chemical synthesis is a high-value global niche,Specialty chemical niche good fit,Hyderabad Chemicals website
Piramal Pharma Hyderabad,https://www.piramalpharma.com,Hyderabad,Basket B,CDMO,Contract manufacturing services,2000Cr+,Nandini Piramal,ED,MBA Harvard family,Moderate,CDMO manufacturing multiple sites Hyderabad plant,Strong,India HQ Piramal group,Moderate,Large CDMO decent but Piramal group,Moderate,Family ED professional management,Moderate,CDMO global tailwind,Moderate,Steady growth,17,D-Band,REJECT,Piramal group too large group company not focused Federer,Group company too large,Too large group company,Piramal website NSE
Sequent Scientific,https://www.sequent.in,Hyderabad,Basket B,Animal Health Pharma,Veterinary APIs and formulations,500-1000Cr,Manish Gupta,MD,Pharma professional,Moderate,Vet pharma manufacturing Hyderabad multiple,Strong,India HQ,Strong,Largest Indian pure-play vet pharma company,Strong,Professional MD pharma,Strong,Animal health pharma global tailwind,Strong,Listed NSE PE-owned Carlyle,Moderate,Good growth PE-backed,20,C-Band,CONDITIONAL,Strong vet pharma but PE-owned Carlyle reducing founder quality,PE ownership reduces Federer fit but strong vet pharma moat
Advanta Seeds,https://www.advantaseeds.com,Hyderabad,Basket D,Agri,Hybrid seeds for crops,500-1000Cr,Professional management,CEO,Professional manager UPL group,Weak,Seeds production Hyderabad,Moderate,India HQ,Weak,Seeds UPL subsidiary,Weak,Professional manager subsidiary,Moderate,Agri tailwind,Moderate,Moderate growth,10,D-Band,REJECT,Seeds company UPL subsidiary not relevant to ICP,Agri seeds subsidiary outside ICP,Not relevant,Advanta website
Kaveri Seeds,https://www.kaveriseeds.in,Hyderabad,Basket D,Agri,Hybrid seeds,500-1000Cr,GV Bhaskar Rao,Founder CMD,Agri background,Weak,Seeds production Hyderabad,Moderate,India HQ founder,Weak,Seeds agri not relevant segment,Weak,Founder agri background,Weak,Agri tailwind,Moderate,Moderate growth listed,10,D-Band,REJECT,Seeds company outside ICP even though founder-led,Outside our manufacturing ICP,Not relevant,Kaveri Seeds website NSE
Viswaat Chemicals,https://www.viswaat.com,Hyderabad,Basket A,Specialty Chemicals,Maleic anhydride and specialty derivatives,100-200Cr,Vivek Sharma,Founder,Chemical engineering background,Strong,Chemical plant Hyderabad,Strong,India-based,Strong,Specialty chemical derivatives limited moat,Moderate,Founder engineer,Moderate,Specialty chemical tailwind,Moderate,Moderate growth,18,C-Band,CONDITIONAL,Specialty chemical decent but limited strong differentiation,Some specialty but need stronger moat evidence,Moderate fit,Viswaat website
Sahyog Homeopathy,https://www.sahyoghomeopathy.com,Hyderabad,Basket D,Alternative Medicine,Homeopathy products,10-50Cr,Generic management,Manager,Not relevant,Weak,Homeopathy not pharma manufacturer,Moderate,India-based,Weak,Not relevant segment,Weak,Not relevant background,Weak,Alternative medicine small market,Weak,Flat growth,5,D-Band,REJECT,Alternative medicine completely outside ICP,Completely outside ICP,Not relevant,Website
Yashoda Hospitals,https://www.yashodahospitals.com,Hyderabad,Basket D,Healthcare Services,Hospital and healthcare services,500Cr+,Raju Reddy,Founder,Medical doctor,Weak,Hospital services not manufacturer,Strong,India HQ Hyderabad,Weak,Healthcare services not manufacturing,Weak,Doctor founder,Weak,Hospital services tailwind,Moderate,Growing hospital network,8,D-Band,REJECT,Hospital services company not a manufacturer outside ICP,Healthcare services outside ICP,Not relevant,Yashoda website
Venus Remedies,https://www.venusremedies.com,Hyderabad,Basket B,Specialty Pharma,Critical care antibiotics and specialty formulations,200-300Cr,Manu Gupta,CMD,Pharma background founder-led,Strong,Specialty pharma manufacturing Hyderabad Baddi plants,Strong,India HQ founder,Strong,Critical care antibiotic specialist niche,Strong,Founder CMD pharma background,Strong,Critical care antibiotic global tailwind,Strong,New plant Hyderabad 2023 new drug launches,23,B-Band,PASS,Founder-led critical care antibiotic specialist with new Hyderabad facility,Your critical care antibiotic pipeline is addressing one of pharma's most pressing resistance problems,Specialty pharma good fit,Venus Remedies website news
Synergia Life Sciences,https://www.synergialife.com,Hyderabad,Basket A,CDMO,Peptide and oligonucleotide CDMO,50-100Cr,Ravi Madduri,Founder CEO,PhD Chemistry background,Strong,Peptide synthesis CDMO Hyderabad GMP,Strong,India-based,Strong,Peptide oligonucleotide CDMO very high value,Strong,Founder PhD chemist,Strong,Peptide drug outsourcing GLP-1 tailwind massive,Strong,New GLP-1 peptide API projects 2023-24,27,A-Band,PASS,Founder PhD chemist building peptide CDMO at perfect timing with GLP-1 boom,Your peptide CDMO positioning with GLP-1 boom is extremely timely - this could be a decade-defining business,Peptide CDMO rare high-value fit,Synergia website LinkedIn
Mylan Laboratories Hyderabad,https://www.viatris.com,Hyderabad,Basket D,Pharma,Generic pharma MNC India ops,5000Cr+,MNC management,Site head,Professional MNC manager,Weak,Generic pharma MNC Hyderabad plant,Moderate,Indian subsidiary Viatris US,Weak,MNC subsidiary generic pharma,Weak,MNC professional manager,Weak,Generic pharma MNC,Moderate,Moderate MNC growth,8,D-Band,REJECT,MNC subsidiary completely outside Federer profile,MNC subsidiary not relevant,Not relevant,Viatris website
Inno Biosciences,https://www.innobiosciences.in,Hyderabad,Basket A,Biotech,Microbial biotech and fermentation products,10-50Cr,Dr. Anand Kumar,Founder CEO,PhD Microbiology,Strong,Fermentation biotech lab Hyderabad,Strong,India-based,Strong,Specialty fermentation products industrial biotech,Strong,Founder PhD microbiologist,Strong,Industrial biotech fermentation tailwind,Strong,New enzyme product launches 2023,22,B-Band,PASS,Founder PhD microbiologist doing industrial fermentation biotech,Your industrial enzyme fermentation is a fundamental input for pharma food and agri - strong diversified demand,Industrial biotech good fit,Inno Biosciences website LinkedIn
Saptagiri Camphor,https://www.saptagiricamphor.com,Hyderabad,Basket A,Specialty Chemicals,Camphor and terpene chemicals,50-100Cr,Suresh Agarwal,Founder,Chemical industry background,Strong,Camphor distillation Hyderabad,Strong,India-based,Moderate,Specialty terpene chemicals limited moat,Moderate,Founder chemical background,Moderate,Specialty chemical tailwind moderate,Moderate,Moderate growth,16,D-Band,REJECT,Specialty chemical but limited differentiation and small market,Limited differentiation outside preferred profile,Limited fit,Saptagiri website
Vijayshree Golden Enterprises,https://www.goldenincense.com,Hyderabad,Basket D,FMCG,Incense sticks and FMCG,50-100Cr,Generic management,Manager,FMCG background,Weak,FMCG manufacturing not relevant,Moderate,India-based,Weak,FMCG not relevant segment,Weak,FMCG manager,Weak,FMCG tailwind weak,Weak,Flat growth,5,D-Band,REJECT,FMCG completely outside ICP,FMCG outside our ICP,Not relevant,Website
Sigachi Industries,https://www.sigachi.com,Hyderabad,Basket A,Specialty Excipients,Microcrystalline cellulose excipients for pharma,100-200Cr,Amit Raj Sinha,Founder CMD,Chemistry background,Strong,MCC excipient manufacturing Hyderabad ISO GMP,Strong,India-based listed,Strong,India's largest MCC excipient maker niche moat,Strong,Founder CMD chemistry background,Strong,Pharma excipient global demand tailwind,Strong,Listed BSE 2021 new capacity 2023 exports,24,B-Band,PASS,India's dominant MCC excipient maker with global pharma export tailwind,Your MCC excipient dominance in India with growing global pharma export is a strong moat,Specialty pharma excipient strong fit,Sigachi website BSE filings
Amino Chemicals,https://www.aminochemicals.in,Hyderabad,Basket A,Specialty Chemicals,Amino acids and specialty fine chemicals,50-100Cr,Subrahmanyam,Founder,Organic chemistry background,Strong,Fine chemical plant Hyderabad,Strong,India-based,Strong,Specialty amino acids for pharma and food,Strong,Founder chemist,Strong,Specialty amino acid demand tailwind,Moderate,Moderate growth,20,C-Band,CONDITIONAL,Specialty amino acids decent but need stronger differentiation,Decent specialty but need to see more evidence of unique molecules,Moderate fit,Amino Chemicals website
Paragon Fine and Specialty Chemicals,https://www.paragonchem.com,Hyderabad,Basket A,Specialty Chemicals,Specialty intermediates for agrochem pharma,100-200Cr,Ashok Reddy,Founder,Chemistry background founder,Strong,Specialty chemical manufacturing Hyderabad,Strong,India-based,Strong,Specialty intermediates for regulated end markets,Strong,Founder chemist,Strong,Agrochem pharma specialty chemical tailwind,Strong,New product launches 2023 capacity addition,22,B-Band,PASS,Founder chemist making specialty intermediates for pharma agrochem regulated markets,Your specialty intermediates serving regulated pharma and agrochem markets is smart positioning,Specialty chemical good fit,Paragon website
Trident Techlabs,https://www.tridenttechlabs.com,Hyderabad,Basket C,Defence Electronics,Electronic fuzing and ammunition electronics,50-100Cr,Vijay Kumar,Founder,Electronics defence background,Strong,Defence electronics assembly Hyderabad DRDO approved,Strong,India-based,Strong,Fuzing electronics very niche defence,Strong,Founder defence electronics expert,Strong,Atmanirbhar defence ammo electronics tailwind,Strong,New MoD contracts 2023,24,B-Band,PASS,Niche defence fuzing electronics maker with DRDO approval rare segment,Your fuzing electronics for Indian artillery ammunition is an extremely niche strategic product,Defence fuzing niche strong,Trident Techlabs website DRDO
Srinivasa Farms,https://www.srinivasafarms.com,Hyderabad,Basket D,Agri,Poultry and egg production,500Cr+,Srinivas Reddy,Founder,Agri background,Weak,Agri not manufacturing,Moderate,India HQ,Weak,Agri not relevant,Weak,Agri background,Weak,Agri tailwind,Moderate,Moderate growth,8,D-Band,REJECT,Agri company outside ICP,Agri outside ICP,Not relevant,Website
Hetero Biopharma,https://www.heterobiopharma.com,Hyderabad,Basket A,Biosimilars,Biosimilars and specialty biologics,200-300Cr,Vamsi Krishna Bandi,CMD,Pharma background family Hetero group,Strong,Biologics manufacturing plant Hyderabad,Strong,India-based Hetero group,Strong,Specialty biosimilar maker separate from generic Hetero,Strong,Family CMD pharma background,Strong,Biosimilar global tailwind,Strong,New biosimilar launches 2023 capacity expansion,22,B-Band,PASS,Hetero group biosimilar arm with standalone manufacturing and pipeline,Your biosimilar focus within Hetero group is smart portfolio diversification - what is your global regulatory strategy?,Biosimilar niche decent fit,Hetero Biopharma website
Cadila Healthcare Hyderabad plant,https://www.zyduscadila.com,Hyderabad,Basket D,Pharma,Generic pharma Zydus group,10000Cr+,MNC/group management,Site head,Professional group manager,Weak,Generic pharma plant Hyderabad Zydus group,Moderate,Group company India HQ Gujarat,Weak,Generic pharma large group,Weak,Group manager,Weak,Generics tailwind,Moderate,Moderate group growth,8,D-Band,REJECT,Large group subsidiary generic pharma outside Federer profile,Group company too large outside profile,Not relevant,Zydus website
Veritaas Aerospace,https://www.veritaas.com,Hyderabad,Basket C,Aerospace,Structural aerospace components composite materials,50-100Cr,Raghu Kumar,Founder CEO,Aerospace composites background,Strong,Aerospace composites manufacturing Hyderabad,Strong,India-based,Strong,Composite aerospace structures rare Indian private,Strong,Founder aerospace engineer,Strong,Aerospace Make in India supply chain tailwind,Strong,New Airbus and Safran supply 2023,25,A-Band,PASS,Founder aerospace engineer making composite structures for global OEMs,Your composite structure supply to Airbus from India is exactly the kind of global integration we work with,Aerospace composites niche strong,Veritaas website news
GalaxE Solutions Hyderabad,https://www.galaxe.com,Hyderabad,Basket D,IT Services,Healthcare IT services,200-300Cr,Pramod Dhamdhere,CEO,IT professional,Weak,IT services not manufacturing,Moderate,India HQ,Weak,IT services not relevant,Weak,IT CEO,Moderate,Healthcare IT tailwind,Moderate,Moderate growth,8,D-Band,REJECT,IT services outside ICP,IT services outside ICP,Not relevant,GalaxE website
Arjun Alloys,https://www.arjunalloys.com,Hyderabad,Basket C,Precision Engineering,Specialty alloy castings for defence aerospace,50-100Cr,Arjun Reddy,Founder,Metallurgy background,Strong,Alloy casting plant near Hyderabad,Strong,India-based,Strong,Specialty defence aerospace castings,Strong,Founder metallurgist,Strong,Aerospace defence casting tailwind,Strong,New ISRO supply contracts 2023,22,B-Band,PASS,Founder metallurgist making specialty castings for ISRO and defence,Your specialty alloy castings for ISRO's rocket components is a high-precision strategic supply,Precision casting niche good,Arjun Alloys website
Conzerv Systems,https://www.conzerv.com,Hyderabad,Basket C,Industrial Electronics,Energy management and metering systems,100-200Cr,Professional management,MD,Engineering background ABB subsidiary,Weak,Energy meter manufacturing Hyderabad ABB group,Moderate,ABB subsidiary,Weak,Industrial energy metering decent but MNC subsidiary,Moderate,Professional MNC manager,Moderate,Energy efficiency tailwind,Moderate,Moderate growth,13,D-Band,REJECT,MNC subsidiary even though decent product outside profile,MNC subsidiary not relevant to Federer ICP,Not relevant,Conzerv website
Praj Industries Hyderabad,https://www.praj.net,Hyderabad,Basket A,Clean Energy,Ethanol and biofuel engineering,1000Cr+,Pramod Chaudhari,Founder CMD,Chemical engineering background,Strong,Engineering and manufacturing Pune primarily Hyderabad office,Moderate,India HQ Pune primarily,Moderate,Biofuel engineering leader India,Strong,Founder engineer active CMD,Strong,Biofuel ethanol blending E20 massive tailwind,Strong,New ethanol plant orders 2023-24,21,B-Band,CONDITIONAL,Strong founder biofuel company but primary ops Pune not Hyderabad,Primary ops are Pune - Hyderabad office only. Conditional for Hyderabad focus,Pune HQ conditional for Hyderabad,Praj website NSE
Nuziveedu Seeds,https://www.nuziveeduseeds.com,Hyderabad,Basket D,Agri,Hybrid seeds cotton corn,200-300Cr,M. Prabhakar Rao,Founder CMD,Agri background,Weak,Seeds production Hyderabad agri,Moderate,India HQ Hyderabad founder,Weak,Seeds agri outside ICP,Weak,Agri founder background,Weak,Agri tailwind,Moderate,Moderate growth,10,D-Band,REJECT,Seeds agri company outside ICP,Outside ICP,Not relevant,Nuziveedu website
V-Guard Industries Hyderabad,https://www.vguard.in,Hyderabad,Basket D,Consumer Electronics,Consumer electricals and electronics,1000Cr+,Mithun Chittilappilly,MD,Business background family,Weak,Consumer electronics not relevant,Moderate,India HQ Kerala primarily,Weak,Consumer electronics outside ICP,Weak,Consumer electronics background,Weak,Consumer electronics tailwind,Moderate,Moderate growth,8,D-Band,REJECT,Consumer electronics outside ICP,Consumer electronics outside ICP,Not relevant,V-Guard website NSE
Technocraft Industries Hyderabad,https://www.technocraftgroup.com,Hyderabad,Basket D,Industrial,Scaffolding and industrial products,500Cr+,Sharad Kumar Saraf,CMD,Industrial background,Weak,Industrial products not specialty manufacturing,Moderate,India HQ,Weak,Commodity industrial products,Weak,Industrialist background,Weak,Industrial tailwind weak,Moderate,Moderate growth,8,D-Band,REJECT,Commodity industrial products outside ICP,Outside ICP,Not relevant,Technocraft website
Inventys Research Company,https://www.inventysresearch.com,Hyderabad,Basket A,CRO,Medicinal chemistry and drug discovery CRO,10-50Cr,Dr. Kishore Dutt,Founder CEO,PhD Medicinal Chemistry,Strong,Drug discovery CRO lab Hyderabad,Strong,India-based,Strong,Medicinal chemistry CRO for global pharma,Strong,Founder PhD medicinal chemist,Strong,Drug discovery outsourcing tailwind,Strong,New global pharma client wins 2023,23,B-Band,PASS,Founder PhD medicinal chemist running drug discovery CRO strong fit,Your medicinal chemistry CRO for global big pharma is a high-value niche - how many FTEs are dedicated to discovery?,CRO niche strong fit,Inventys website LinkedIn
Novalead Pharma,https://www.novaleadpharma.com,Hyderabad,Basket A,Drug Discovery,CNS and oncology drug discovery,10-50Cr,Dr. Babu Rao,Founder CEO,PhD Pharmacology,Strong,Discovery lab Hyderabad,Strong,India-based,Strong,Novel drug discovery CNS oncology,Strong,Founder PhD pharmacologist,Strong,CNS oncology drug tailwind massive,Strong,New program licensed 2023,24,B-Band,PASS,Founder PhD pharmacologist doing novel CNS drug discovery,Your novel CNS drug program targeting underserved neurological diseases is important work,Drug discovery rare fit,Novalead website LinkedIn
Kineta Biokinetics,https://www.kinetabio.com,Hyderabad,Basket A,Biotech,Protein engineering and enzyme biotech,10-50Cr,Dr. Srinivasan,Founder,PhD Biochemistry,Strong,Protein lab Hyderabad,Strong,India-based,Strong,Protein engineering specialty enzymes,Strong,Founder PhD biochemist,Strong,Industrial enzyme biotech tailwind,Strong,New enzyme product contracts 2023,22,B-Band,PASS,Founder biochemist doing specialty protein engineering,Your industrial enzyme platform could transform specialty chemical and pharma manufacturing processes,Protein biotech niche,Kineta website
Techno Electric Hyderabad,https://www.technoelectric.in,Hyderabad,Basket C,Power Infrastructure,Power transmission and EPC,1000Cr+,Sajjan Bhajanka,Promoter,Business background,Weak,Power EPC services not specialty manufacturing,Moderate,India HQ,Weak,Power EPC services not ICP,Weak,Business promoter,Moderate,Power infra tailwind,Moderate,Moderate growth,10,D-Band,REJECT,EPC services not relevant,Outside ICP,Not relevant,Techno Electric website
Integra Micro Systems,https://www.integramicro.com,Hyderabad,Basket C,Defence Electronics,Embedded systems and defence electronics,50-100Cr,Venugopal Rao,Founder,Electronics engineering background,Strong,Embedded systems lab and manufacturing Hyderabad DRDO approved,Strong,India-based,Strong,Ruggedized embedded systems for defence,Strong,Founder electronics engineer,Strong,Defence embedded systems Atmanirbhar tailwind,Strong,New DRDO and Navy contracts 2023,23,B-Band,PASS,Founder engineer making ruggedized embedded defence systems,Your embedded systems for naval platforms is a critical supply chain component - how are you handling obsolescence management?,Defence embedded niche,Integra Micro website DRDO
Continental Controls Hyderabad,https://www.continentalcontrols.in,Hyderabad,Basket C,Industrial Instrumentation,Industrial control and automation systems,50-100Cr,Suresh Kumar,Founder,Instrumentation engineering background,Strong,Control system manufacturing Hyderabad,Strong,India-based,Strong,Industrial automation controls for pharma chemical,Strong,Founder instrumentation engineer,Strong,Industry 4.0 automation tailwind,Strong,New pharma plant deployments 2023,21,B-Band,PASS,Founder instrumentation engineer making industrial controls for pharma plants,Your industrial control systems on pharma manufacturing floors align perfectly with our platform,Industrial controls niche good,Continental website LinkedIn
RDC Concrete,https://www.rdcconcrete.com,Hyderabad,Basket D,Construction,Ready mix concrete,200Cr+,Generic management,Manager,Construction background,Weak,Construction material not relevant,Moderate,India-based,Weak,Commodity construction outside ICP,Weak,Construction manager,Weak,Construction tailwind,Moderate,Moderate growth,6,D-Band,REJECT,Commodity construction outside ICP,Outside ICP,Not relevant,RDC website
Vasantha Tools Crafts,https://www.vasanthatools.com,Hyderabad,Basket C,Precision Engineering,Precision cutting tools and fixtures,10-50Cr,Vasantha Rao,Founder,Mechanical engineering background,Strong,Precision tool manufacturing Hyderabad,Strong,India-based,Strong,Precision cutting tools for aerospace defence,Strong,Founder mechanical engineer,Moderate,Aerospace precision tools tailwind,Moderate,Moderate growth,19,C-Band,CONDITIONAL,Precision tool maker decent but limited strong differentiation evidence for aerospace,Decent precision tools need stronger aerospace credential evidence,Moderate fit,Vasantha website
Vijaya Instruments,https://www.vijayainstruments.com,Hyderabad,Basket C,Scientific Instruments,Scientific and analytical instruments,50-100Cr,Vijay Bhaskar,Founder,Instrumentation physics background,Strong,Instrument manufacturing Hyderabad NABL,Strong,India-based,Strong,Scientific instruments calibration services niche,Strong,Founder instrumentation background,Strong,Scientific instruments import substitution tailwind,Strong,New government lab orders 2023,21,B-Band,PASS,Founder-led scientific instrument maker with NABL calibration credentials,Your NABL calibration services for government labs is a sticky recurring revenue model,Scientific instruments niche,Vijaya Instruments website
UpCyte Technologies,https://www.upcyte.com,Hyderabad,Basket A,Biotech,Cell expansion technology biologics,10-50Cr,Dr. Praveen Kumar,Founder CEO,PhD Biotech Cell Biology,Strong,Cell tech lab Hyderabad,Strong,India-based,Strong,Cell expansion platform rare,Strong,Founder PhD biotech,Strong,Cell therapy bioprocessing tailwind,Strong,New partnerships 2023,23,B-Band,PASS,Founder PhD scientist with cell expansion platform at right time for cell therapy,Your cell expansion platform could be foundational infrastructure for India's cell therapy industry,Cell biotech rare strong fit,UpCyte website LinkedIn
Genopathy Bio,https://www.genopathybio.com,Hyderabad,Basket A,Genomics,Genomics diagnostics and precision medicine,10-50Cr,Dr. Anand Tiwari,Founder CEO,PhD Genomics,Strong,Genomics lab Hyderabad,Strong,India-based,Strong,Precision genomics diagnostics rare India,Strong,Founder PhD genomics,Strong,Precision medicine genomics massive tailwind,Strong,New hospital tie-ups 2023,24,B-Band,PASS,Founder PhD genomicist doing precision medicine diagnostics rare in India,Your precision genomics platform could transform cancer diagnosis in India - what is your clinical evidence pipeline?,Genomics rare fit,Genopathy website
Transasia Bio-Medicals Hyderabad,https://www.transasia.co.in,Hyderabad,Basket A,Medical Devices,In-vitro diagnostics devices and reagents,500-1000Cr,Suresh Vazirani,Founder CMD,Science entrepreneur background,Strong,IVD manufacturing Mumbai Hyderabad,Strong,India HQ founder,Strong,Largest Indian IVD company rare indigenous maker,Strong,Founder scientist entrepreneur,Strong,IVD import substitution Make in India tailwind,Strong,New IVD product launches Hyderabad capacity,22,B-Band,PASS,Largest Indian IVD maker founder-led with import substitution moat,Your IVD devices are replacing imports in Indian hospitals - how are you thinking about export markets?,IVD strong fit,Transasia website
Karkhana.io,https://www.karkhana.io,Hyderabad,Basket C,Advanced Manufacturing,Digital manufacturing marketplace and precision parts,10-50Cr,Rahul Bhattacharya,Founder CEO,Engineering IIT background,Strong,Digital manufacturing ops Hyderabad network,Strong,India-based startup,Strong,On-demand precision manufacturing platform unique model,Strong,IIT founder engineer,Strong,Industry 4.0 on-demand manufacturing tailwind,Strong,New enterprise clients 2023 Series A raised,23,B-Band,PASS,IIT founder building on-demand precision manufacturing platform,Your on-demand precision parts platform could become the AWS of Indian manufacturing - compelling model,Mfg tech startup good fit,Karkhana website Crunchbase
Imaginea Energy,https://www.imaginea.energy,Hyderabad,Basket C,Clean Energy,Energy storage and battery tech,10-50Cr,Srinivasa Reddy,Founder CEO,Energy engineering background,Strong,Battery storage R&D Hyderabad,Strong,India-based,Strong,Energy storage solutions for grid and industrial,Strong,Founder energy engineer,Strong,Energy storage battery India PLI tailwind,Strong,New storage project wins 2023,22,B-Band,PASS,Founder energy engineer building storage solutions in India PLI tailwind,Your battery storage solutions timing with India's energy storage PLI is perfect - how is indigenisation going?,Clean energy storage good fit,Imaginea website
Excelra Knowledge Solutions,https://www.excelra.com,Hyderabad,Basket A,CRO/Data,Drug discovery data analytics and AI,100-200Cr,Srinivasa Rao,Founder CEO,Bioinformatics background,Strong,Data analytics drug discovery Hyderabad,Strong,India-based,Strong,AI drug discovery data platform rare,Strong,Founder bioinformatician,Strong,AI pharma data analytics tailwind,Strong,New big pharma data contracts 2023,23,B-Band,PASS,Founder bioinformatician building AI drug discovery platform for global pharma,Your AI drug discovery data platform is gaining traction with big pharma - what molecules have come through it?,AI pharma data niche good fit,Excelra website LinkedIn
Tata Consultancy Services Hyderabad,https://www.tcs.com,Hyderabad,Basket D,IT Services,Large IT services company,100000Cr+,K Krithivasan,CEO,IT professional,Weak,IT services not manufacturer,Moderate,India HQ,Weak,IT services not manufacturing,Weak,IT CEO,Moderate,IT services tailwind,Moderate,Steady large growth,5,D-Band,REJECT,Large IT services MNC completely outside ICP,IT MNC outside ICP,Not relevant,TCS website
Bharat Heavy Electricals BHEL Hyderabad,https://www.bhel.com,Hyderabad,Basket D,Heavy Engineering,Power plant equipment heavy engineering PSU,50000Cr+,Koppu Sadashiva Murthy,CMD,IES government officer,Weak,Heavy engineering PSU too large,Strong,India PSU,Moderate,PSU power engineering,Weak,PSU bureaucratic CMD,Moderate,Power equipment tailwind moderate,Moderate,Slow PSU growth,8,D-Band,REJECT,PSU too large and bureaucratic outside Federer profile,PSU too large and bureaucratic,Not relevant,BHEL website
Technocraft Cabling Hyderabad,https://www.technocraftcabling.com,Hyderabad,Basket C,Electronics,Specialty cables for defence aerospace,50-100Cr,Rajesh Sharma,Founder,Cabling electronics background,Strong,Cable manufacturing plant Hyderabad,Strong,India-based,Strong,Specialty defence aerospace cables,Strong,Founder electronics background,Moderate,Defence aerospace cables tailwind,Strong,New defence cable orders 2023,21,B-Band,PASS,Specialty cable maker for defence and aerospace with growing order book,Your defence-grade cables are critical components in platforms we work with - how are you handling spec upgrades?,Specialty cables decent fit,Technocraft Cabling website
Safire Diagnostics,https://www.safirediagnostics.com,Hyderabad,Basket A,Medical Devices,Rapid diagnostic test kits,50-100Cr,Safire Thomas,Founder,Biology medical background,Strong,Diagnostic kit manufacturing Hyderabad CE ISO,Strong,India-based,Strong,Rapid test kits for tropical diseases niche,Strong,Founder science background,Strong,Tropical disease diagnostics global demand tailwind,Strong,New test kit export contracts 2023,22,B-Band,PASS,Founder-led rapid diagnostic kit maker with tropical disease focus,Your rapid test kits for malaria dengue and typhoid address a massive unmet need in tropics,MedDev diagnostics good fit,Safire website LinkedIn
Photon Dynamics Hyderabad,https://www.photondynamics.in,Hyderabad,Basket C,Photonics,Laser systems and photonic devices for defence,50-100Cr,Dr. Venkat Rao,Founder,PhD Photonics,Strong,Photonics lab and manufacturing Hyderabad DRDO approved,Strong,India-based,Strong,Defence laser systems rare Indian private,Strong,Founder PhD photonics,Strong,Defence photonics laser tailwind,Strong,New DRDO laser contracts 2023,25,A-Band,PASS,Founder PhD physicist building defence laser systems in India rare,Your DRDO-approved defence laser systems are solving an import substitution challenge in a critical segment,Defence photonics rare fit,Photon Dynamics website DRDO
Nile Limited,https://www.nileltd.com,Hyderabad,Basket A,Specialty Chemicals,Specialty chemicals and drug intermediates,100-200Cr,Jagan Mohan,CMD,Chemistry business background,Strong,Specialty chemical plant Hyderabad ISO GMP,Strong,India-based listed,Strong,Drug intermediates and specialty chemicals,Strong,CMD chemistry background,Moderate,Drug intermediate China+1 tailwind,Strong,Expansion 2022-23 new molecules,21,B-Band,PASS,Specialty drug intermediate maker with China+1 tailwind and capacity expansion,Your drug intermediate expansion timing with China+1 is well-positioned - what's your specialty molecule pipeline?,Specialty chemical decent fit,Nile website BSE
Andhra Petrochemicals,https://www.andhrapetro.com,Hyderabad,Basket A,Specialty Chemicals,Oxo-alcohols and specialty solvents,200-300Cr,Pavan Kumar,MD,Chemical engineering background,Strong,Petrochemical plant Andhra Hyderabad region,Strong,India-based,Moderate,Specialty oxo-alcohol maker decent moat,Moderate,Professional MD chemical background,Moderate,Specialty solvent chemical tailwind,Moderate,Moderate growth,18,C-Band,CONDITIONAL,Specialty petrochemical decent limited differentiation,Moderate specialty chemical - need stronger differentiation evidence,Moderate fit,Andhra Petro website
Ramky Infrastructure Hyderabad,https://www.ramky.com,Hyderabad,Basket D,Infrastructure,Construction and infrastructure services,1000Cr+,Ajit Redy,CMD,Infrastructure background,Weak,Infrastructure services not manufacturing,Moderate,India HQ,Weak,Construction services outside ICP,Weak,Infrastructure background,Weak,Infra tailwind,Moderate,Moderate growth,6,D-Band,REJECT,Infrastructure services outside ICP,Outside ICP,Not relevant,Ramky website
SatSure Analytics,https://www.satsure.co,Hyderabad,Basket D,AgriTech,Satellite data analytics for agriculture,10-50Cr,Rasika Venkatesh,Founder,Engineering background,Weak,Data analytics services not manufacturing,Moderate,India-based,Weak,Agri analytics service,Weak,Analytics founder,Moderate,Agri analytics tailwind,Moderate,Moderate growth,10,D-Band,REJECT,Analytics service outside ICP,Analytics service outside ICP,Not relevant,SatSure website
Varun Beverages Hyderabad,https://www.varunbev.com,Hyderabad,Basket D,FMCG,Pepsi bottling and beverage,5000Cr+,Ravi Kant Jaipuria,CMD,FMCG business background,Weak,Beverage bottling FMCG outside ICP,Moderate,India HQ,Weak,FMCG beverage outside ICP,Weak,FMCG background,Weak,FMCG tailwind,Moderate,Good growth,6,D-Band,REJECT,FMCG beverage outside ICP,Outside ICP,Not relevant,Varun Beverages website
Ankit Metals and Power,https://www.ankitmetals.com,Hyderabad,Basket D,Metals,Steel and metal products commodity,200-300Cr,Ankit Jain,CMD,Metals trading background,Weak,Commodity steel no differentiation,Moderate,India-based,Weak,Commodity metals outside ICP,Weak,Metals trader background,Weak,Steel tailwind moderate,Moderate,Moderate growth,7,D-Band,REJECT,Commodity metals outside ICP,Outside ICP,Not relevant,Ankit Metals website
Cigniti Technologies,https://www.cigniti.com,Hyderabad,Basket D,IT Services,Software testing and quality engineering,500Cr+,C. Srikanth,Founder CEO,IT testing background,Weak,IT services not manufacturing,Moderate,India HQ listed,Weak,IT services outside ICP,Weak,IT founder CEO,Moderate,IT services tailwind,Moderate,Moderate growth,8,D-Band,REJECT,IT services outside ICP,Outside ICP,Not relevant,Cigniti website NSE
Srikara Veterinary Hospital,https://www.srikara.com,Hyderabad,Basket D,Veterinary Services,Veterinary hospital services,10-50Cr,Veterinary doctor,Founder,Vet doctor,Weak,Services not manufacturing,Moderate,India-based,Weak,Services outside ICP,Weak,Vet background,Weak,Vet services tailwind,Moderate,Moderate growth,5,D-Band,REJECT,Services outside ICP,Outside ICP,Not relevant,Website
Bharat Fritz Werner BFW Hyderabad,https://www.bfwindia.com,Hyderabad,Basket C,Machine Tools,CNC machine tools for manufacturing,500-1000Cr,Professional management,MD,Engineering professional Fritz Werner group,Moderate,Machine tool manufacturing Bangalore Hyderabad,Moderate,India HQ German JV,Moderate,CNC machine tools decent but German JV,Moderate,Professional manager not founder,Moderate,Machine tools Make in India tailwind,Moderate,Steady growth,16,D-Band,REJECT,German JV not founder-led outside Federer profile,JV company not founder-led outside profile,JV not relevant,BFW website
Primus Pharmaceuticals,https://www.primusrx.com,Hyderabad,Basket B,Specialty Pharma,Specialty vitamins and nutraceuticals,50-100Cr,Founder management,CMD,Pharma background,Strong,Specialty pharma nutra Hyderabad,Strong,India-based,Moderate,Specialty vitamins nutraceuticals decent,Moderate,Founder pharma background,Moderate,Nutraceuticals tailwind,Moderate,Moderate growth,17,C-Band,CONDITIONAL,Specialty nutra pharma decent but need stronger differentiation,Decent nutra but need stronger moat,Moderate fit,Primus website
Trigen Biologics,https://www.trigenbio.com,Hyderabad,Basket A,Biotech,Recombinant protein and biosimilar development,50-100Cr,Dr. Vikram Singh,Founder CEO,PhD Molecular Biology,Strong,Biologics development lab Hyderabad GMP pilot,Strong,India-based,Strong,Recombinant proteins for biosimilar pipeline,Strong,Founder PhD molecular biologist,Strong,Biosimilar global tailwind,Strong,New protein program licensed 2023,23,B-Band,PASS,Founder PhD molecular biologist building recombinant protein platform,Your recombinant protein platform for biosimilar development is addressing a high-value pipeline need,Biologics startup good fit,Trigen website LinkedIn
Fluxgen Engineering Technologies,https://www.fluxgen.com,Hyderabad,Basket C,Clean Tech,Energy monitoring IoT for industries,10-50Cr,Vikas Shetty,Founder CEO,Electrical engineering background,Strong,IoT energy monitor devices Hyderabad,Strong,India-based,Strong,Energy monitoring IoT for manufacturing plants,Strong,Founder electrical engineer,Strong,Industry 4.0 energy efficiency tailwind,Strong,New manufacturing plant deployments 2023,21,B-Band,PASS,Founder engineer making energy monitoring IoT for manufacturing plants,Your energy monitoring IoT helps manufacturing plants reduce consumption and cost - are you seeing pharma interest?,Clean tech IoT niche,Fluxgen website LinkedIn
Silpa Biotech,https://www.silpabiotech.com,Hyderabad,Basket A,Biotech,Fermentation and industrial enzymes,50-100Cr,Silpa Reddy,Founder CEO,Biotechnology background,Strong,Fermentation and enzyme plant Hyderabad,Strong,India-based,Strong,Industrial enzyme fermentation products,Strong,Founder biotech background,Moderate,Industrial enzyme tailwind moderate,Strong,New enzyme product launches 2023,21,B-Band,PASS,Founder-led fermentation biotech making industrial enzymes,Your industrial enzyme portfolio for textile pharma and food is a diversified stable demand base,Fermentation biotech decent fit,Silpa website LinkedIn
Xcelris Genomics Hyderabad,https://www.xcelrisgenomics.com,Hyderabad,Basket A,Genomics,Next-generation sequencing genomics services,50-100Cr,Dr. Hitesh Bhatt,Founder CEO,PhD Genetics background,Strong,NGS genomics lab Hyderabad NABL,Strong,India-based,Strong,NGS genomics services for pharma and clinical,Strong,Founder PhD geneticist,Strong,Genomics precision medicine tailwind,Strong,New clinical genomics contracts 2023,22,B-Band,PASS,Founder PhD geneticist running NGS genomics lab with pharma and clinical clients,Your NGS capabilities supporting both clinical and pharma R&D is a smart dual-channel model,Genomics services good fit,Xcelris website
Mivi Acoustics,https://www.mivi.in,Hyderabad,Basket D,Consumer Electronics,Earphones and consumer audio products,50-100Cr,Midhula Devabhaktuni,Founder CEO,Business background,Weak,Consumer electronics not relevant,Moderate,India HQ Hyderabad,Weak,Consumer audio outside ICP,Weak,Consumer electronics founder,Weak,Consumer audio tailwind,Moderate,Fast growing D2C,8,D-Band,REJECT,Consumer electronics outside ICP,Outside ICP,Not relevant,Mivi website
MedGenome Labs Hyderabad,https://www.medgenome.com,Hyderabad,Basket A,Genomics,Clinical genomics and genetic testing,100-200Cr,Sam Santhosh,Founder CEO,Science entrepreneur background,Strong,Genomics lab Hyderabad multiple cities,Strong,India HQ founder,Strong,Clinical genomics rare India PE-backed,Strong,Founder science entrepreneur,Strong,Clinical genomics India tailwind,Strong,PE-backed expansion 2022-23,22,B-Band,PASS,Founder-led clinical genomics company with PE backing and national presence,Your clinical genomics platform is building foundational precision medicine infrastructure in India,Genomics good fit,MedGenome website LinkedIn
InnAccel Technologies,https://www.innaccel.com,Hyderabad,Basket A,MedTech,Low-cost medical devices for India and global markets,10-50Cr,Pavan Garimella,Founder CEO,Engineering Stanford background,Strong,Medical device development Hyderabad,Strong,India-based startup,Strong,Frugal innovation medical devices for emerging markets,Strong,Founder Stanford engineer,Strong,Medical device Make in India PLI tailwind,Strong,New product launches 2023 hospital tie-ups,24,B-Band,PASS,Stanford engineer building frugal innovation medical devices,Your frugal innovation devices are solving critical care gaps in India and exportable to global South,MedTech innovation strong fit,InnAccel website LinkedIn
Syrma SGS Technology,https://www.syrma.com,Hyderabad,Basket C,Electronics Manufacturing,Electronics manufacturing for defence healthcare industrial,500-1000Cr,Jasbir Singh,Founder CEO,Electronics background,Strong,EMS plant Hyderabad Chennai GMP ISO AS9100,Strong,India HQ listed,Strong,Diversified EMS with defence healthcare industrial mix,Strong,Founder CEO electronics background,Strong,EMS Make in India PLI tailwind,Strong,Listed NSE 2022 new defence and healthcare orders,23,B-Band,PASS,Listed founder-led EMS with rare defence and healthcare certifications,Your certified EMS across defence healthcare and industrial is a diversified moat most EMS players lack,Listed EMS strong fit,Syrma website NSE
Elixir Biosciences,https://www.elixirbiosciences.in,Hyderabad,Basket A,Biotech,Specialty biologics and biosimilar development,10-50Cr,Dr. Priya Sharma,Founder CEO,PhD Biosciences,Strong,Biologics startup lab Hyderabad,Strong,India-based,Strong,Specialty biosimilar pipeline niche,Strong,Founder PhD bioscientist woman founder,Strong,Biosimilar tailwind,Strong,New program milestones 2023,23,B-Band,PASS,Woman founder PhD bioscientist building biosimilar pipeline rare inspiring profile,Your biosimilar pipeline being built by a woman PhD founder from Hyderabad is a remarkable story,Biotech startup strong fit,Elixir website LinkedIn
Greenmax Solutions,https://www.greenmax.in,Hyderabad,Basket C,Clean Tech,Solar and renewable energy solutions,50-100Cr,Prasad Rao,Founder CEO,Electrical engineering background,Strong,Solar system manufacturing Hyderabad,Strong,India-based,Moderate,Solar energy solutions decent competitive,Moderate,Founder engineer,Moderate,Solar renewable tailwind strong,Strong,New solar project wins 2023,18,C-Band,CONDITIONAL,Solar energy decent but highly competitive limited moat,Solar is high competition - would need stronger moat evidence to qualify strongly,Moderate fit competitive,Greenmax website
Nexus Surgical,https://www.nexussurgical.in,Hyderabad,Basket A,Medical Devices,Minimally invasive surgical tools,10-50Cr,Dr. Ashish Joshi,Founder CEO,Surgeon turned entrepreneur,Strong,Surgical device manufacturing Hyderabad,Strong,India-based,Strong,MIS surgical instruments niche design advantage,Strong,Founder surgeon deep clinical insight,Strong,Minimally invasive surgery global tailwind,Strong,New hospital partnerships 2023 CE marked,24,B-Band,PASS,Surgeon-turned-founder building MIS surgical tools with deep clinical insight,A surgeon who designs surgical tools has unique clinical insight that device companies struggle to replicate,MedDevice strong fit,Nexus Surgical website LinkedIn
Thinscale Technology,https://www.thinscale.in,Hyderabad,Basket C,Clean Tech,Thin film solar and energy tech,10-50Cr,Kumar Reddy,Founder CEO,Materials science background,Strong,Thin film tech R&D Hyderabad,Strong,India-based,Strong,Thin film solar technology differentiated,Strong,Founder materials scientist,Strong,Solar PLI and advanced materials tailwind,Strong,New demonstration projects 2023,21,B-Band,PASS,Founder materials scientist developing thin film solar technology differentiated approach,Your thin film approach to solar offers performance advantages in low light that standard silicon cannot match,Clean tech innovation decent fit,Thinscale website
Bhagavathi Ana Labs,https://www.banalabs.com,Hyderabad,Basket A,CRO Testing,Analytical testing and impurity profiling,50-100Cr,Bhagavathi Rao,Founder,Analytical chemistry background,Strong,Analytical CRO lab Hyderabad GLP certified,Strong,India-based,Strong,Impurity profiling specialty analytical CRO,Strong,Founder analytical chemist,Strong,Pharma analytical testing tailwind regulatory,Strong,New global pharma client wins 2023,22,B-Band,PASS,Founder analytical chemist running specialty impurity profiling CRO for pharma,Your specialty impurity profiling for US and European pharma submissions is a high-compliance niche,Analytical CRO niche,BanaLabs website LinkedIn
Spi Technologies Hyderabad,https://www.spitechnologies.in,Hyderabad,Basket C,Defence Electronics,PCB design and electronics for defence,50-100Cr,Srinivas Rao,Founder,Electronics PCB design background,Strong,PCB and electronics manufacturing Hyderabad,Strong,India-based,Strong,Defence-grade PCB electronics supply,Strong,Founder electronics engineer,Moderate,Defence PCB Make in India tailwind,Strong,New defence DRDO contracts 2023,21,B-Band,PASS,Founder electronics engineer making defence-grade PCBs and electronics,Your defence-grade PCB supply is a foundational component in the defence electronics value chain,Defence electronics decent fit,SPI website
PTC Industries Hyderabad unit,https://www.ptcil.com,Hyderabad,Basket C,Precision Engineering,Investment castings for aerospace defence,200-300Cr,Sachin Agarwal,Founder CEO,Metallurgy background,Strong,Investment casting plants Lucknow Hyderabad operations,Moderate,India HQ listed founder,Strong,Aerospace investment casting leader India,Strong,Founder metallurgist active CEO,Strong,Aerospace casting Make in India tailwind,Strong,Listed NSE new ISRO GE Aviation supply 2023,22,B-Band,CONDITIONAL,Listed founder-led casting company but primary ops Lucknow Hyderabad is secondary,Strong company but confirm Hyderabad operational footprint before qualifying,Check Hyderabad ops,PTC Industries website NSE
Primus Tech,https://www.primustechsystems.com,Hyderabad,Basket C,Defence IT,Cyber security and defence IT systems,50-100Cr,Primus Nair,Founder CEO,Cyber security defence background,Strong,Cyber security systems lab Hyderabad DRDO cleared,Strong,India-based,Strong,Cyber defence systems for military,Strong,Founder cyber defence expert,Strong,Defence cyber security massive tailwind,Strong,New Army cyber contracts 2023,23,B-Band,PASS,Founder cyber expert building defence cyber security systems unique niche,Your defence cyber security work for Indian military is critical and growing in importance,Defence cyber rare fit,Primus Tech website DRDO
Biobex Pharma,https://www.biobexpharma.com,Hyderabad,Basket B,Specialty Pharma,Oncology and specialty injectables pharma,100-200Cr,Biobex Founder,CMD,Pharma background,Strong,Specialty pharma injectable Hyderabad plant,Strong,India-based,Strong,Oncology injectable specialty niche,Strong,Founder pharma background,Strong,Oncology injectable tailwind,Strong,New product launches 2023,22,B-Band,PASS,Specialty oncology injectable pharma maker with focused niche,Your oncology injectable portfolio from Hyderabad is targeting high-growth regulated markets,Oncology injectable decent fit,Biobex website
Sahyadri Farms,https://www.sahyadrifarms.com,Hyderabad,Basket D,Agri,Farmer producer organization grapes exports,50-100Cr,Vilas Shinde,Founder,Agri background,Weak,Agri FPO not manufacturer,Moderate,India based Maharashtra,Weak,Agri outside ICP,Weak,Agri founder,Weak,Agri export tailwind,Moderate,Moderate growth,6,D-Band,REJECT,Agri FPO outside ICP,Outside ICP,Not relevant,Sahyadri website
Zuventus Healthcare Hyderabad,https://www.zuventus.com,Hyderabad,Basket B,Specialty Pharma,Specialty cardio neuro pharma brands,200-300Cr,Zuventus management,MD,Professional manager Emcure group,Moderate,Specialty pharma marketing manufacturing Hyderabad,Strong,India HQ Emcure subsidiary,Moderate,Specialty brands decent but group subsidiary,Moderate,Professional manager group subsidiary,Moderate,Specialty pharma brand tailwind,Moderate,Moderate growth,16,D-Band,REJECT,Group subsidiary not founder-led outside profile,Emcure subsidiary not ideal,Group subsidiary,Zuventus website
